"","wk0","wk2","wk4","wk6","wk8"
"wk0",1,0.744213968121982,0.831322841240083,0.493131357230339,0.820239282523589
"wk2",0.744213968121982,1,0.782327080779167,0.507028045996738,0.677363616138843
"wk4",0.831322841240083,0.782327080779167,1,0.660934450024445,0.780820378335879
"wk6",0.493131357230339,0.507028045996738,0.660934450024445,1,0.676916565256871
"wk8",0.820239282523589,0.677363616138843,0.780820378335879,0.676916565256871,1
