"","wk0","wk2","wk4","wk6","wk8"
"wk0",1,0.853828138625592,0.845760588352831,0.834423205757842,0.872777841654321
"wk2",0.853828138625592,1,0.907029964316448,0.91247341229547,0.970930946234566
"wk4",0.845760588352831,0.907029964316448,1,0.924930181663475,0.945584215968047
"wk6",0.834423205757842,0.91247341229547,0.924930181663475,1,0.951790933862217
"wk8",0.872777841654321,0.970930946234566,0.945584215968047,0.951790933862217,1
