"","wk0","wk2","wk4","wk6","wk8"
"wk0",681.433862433862,196.931216931217,177.174603174603,188.878306878307,162.962962962963
"wk2",196.931216931217,102.756613756614,64.7460317460317,75.4126984126984,52.2592592592593
"wk4",177.174603174603,64.7460317460317,66.6560846560847,79.1746031746032,48.5185185185185
"wk6",188.878306878307,75.4126984126984,79.1746031746032,215.285714285714,75.5925925925926
"wk8",162.962962962963,52.2592592592593,48.5185185185185,75.5925925925926,57.9259259259259
