"","wk0","wk2","wk4","wk6","wk8"
"wk0",783.636559139785,435.979569892473,280.787096774194,324.547311827957,274.972043010753
"wk2",435.979569892473,332.718279569892,196.215053763441,231.255913978495,199.321505376344
"wk4",280.787096774194,196.215053763441,140.651612903226,152.410752688172,126.211827956989
"wk6",324.547311827957,231.255913978495,152.410752688172,193.049462365591,148.834408602151
"wk8",274.972043010753,199.321505376344,126.211827956989,148.834408602151,126.664516129032
